{
  "type": "minecraft:block",
  "pools": [
    {
      "rolls": 1,
      "entries": [
        {
          "type": "minecraft:item",
          "name": "examplemod:flax",
          "functions": [
            { "function": "minecraft:explosion_decay" }
          ]
        },
        {
          "type": "minecraft:item",
          "name": "examplemod:flax_seeds",
          "functions": [
            { "function": "minecraft:explosion_decay" }
          ]
        }
      ]
    }
  ]
}