{
  "type": "minecraft:block",
  "pools": [
    {
      "rolls": 1,
      "entries": [
        {
          "type": "minecraft:item",
          "name": "examplemod:paradise_door"
        }
      ],
      "conditions": [
        {
          "condition": "minecraft:block_state_property",
          "block": "examplemod:paradise_door",
          "properties": {
            "half": "lower"
          }
        },
        {
          "condition": "minecraft:survives_explosion"
        }
      ]
    }
  ]
}