{
  "type": "minecraft:block",
  "pools": [
    {
      "rolls": 1.0,
      "entries": [
        {
          "type": "minecraft:item",
          "conditions": [
            {
              "condition": "minecraft:match_tool",
              "predicate": { "tag": "forge:shears" }
            }
          ],
          "functions": [ { "function": "minecraft:set_count", "count": 2 } ],
          "name": "minecraft:grass"
        }
      ],
      "conditions": [
        {
          "condition": "minecraft:block_state_property",
          "block": "minecraft:tall_grass",
          "properties": { "half": "lower" }
        },
        {
          "condition": "minecraft:location_check",
          "predicate": {
            "block": { "block": "minecraft:tall_grass", "state": { "half": "upper" } }
          },
          "offsetY": 1
        }
      ]
    },
    {
      "rolls": 1.0,
      "entries": [
        {
          "type": "minecraft:item",
          "conditions": [
            {
              "condition": "minecraft:match_tool",
              "predicate": { "tag": "forge:shears" }
            }
          ],
          "functions": [ { "function": "minecraft:set_count", "count": 2 } ],
          "name": "minecraft:grass"
        }
      ],
      "conditions": [
        {
          "condition": "minecraft:block_state_property",
          "block": "minecraft:tall_grass",
          "properties": { "half": "upper" }
        },
        {
          "condition": "minecraft:location_check",
          "predicate": {
            "block": { "block": "minecraft:tall_grass", "state": { "half": "lower" } }
          },
          "offsetY": -1
        }
      ]
    }
  ]
}