{
  "ultrawarm": false,
  "natural": false,
  "piglin_safe": true,
  "ambient_light": 1.0,
  "has_skylight": true,
  "has_ceiling": false,
  "coordinate_scale": 1.0,
  "bed_works": false,
  "respawn_anchor_works": false,
  "has_raids": false,
  "logical_height": 256,
  "min_y": 0,
  "height": 256,
  "infiniburn": "minecraft:infiniburn_overworld",
  "effects": "examplemod:heaven_sky",
  "fixed_time": 6000,
  "monster_spawn_light_level": {
    "type": "minecraft:uniform",
    "value": 0
  },
  "monster_spawn_block_light_limit": 0
}