{
  "parent": "minecraft:recipes/root",
  "rewards": {
    "recipes": [
      "examplemod:calcined_iron_ore_from_campfire"
    ]
  },
  "criteria": {
    "has_pure_iron_ore": {
      "trigger": "minecraft:inventory_changed",
      "conditions": {
        "items": [
          {
            "item": "examplemod:pure_iron_ore"
          }
        ]
      }
    },
    "has_the_recipe": {
      "trigger": "minecraft:recipe_unlocked",
      "conditions": {
        "recipe": "examplemod:calcined_iron_ore_from_campfire"
      }
    }
  },
  "requirements": [
    [
      "has_pure_iron_ore",
      "has_the_recipe"
    ]
  ]
}