{
  "parent": "block/block",
  "render_type": "cutout",
  "ambientocclusion": false,
  "textures": {
    "particle": "minecraft:block/water_still",
    "water": "minecraft:block/water_still"
  },
  "elements": [
    {
      "from": [6.0, 1.1, 6.0],
      "to": [10.0, 2.34, 10.0],
      "faces": {
        "up": { "texture": "#water", "tintindex": 0 },
        "down": { "texture": "#water", "tintindex": 0 }
      }
    },
    {
      "from": [6.0, 1.1, 5.5],
      "to": [10.0, 2.34, 6.0],
      "faces": {
        "up": { "texture": "#water", "tintindex": 0 },
        "down": { "texture": "#water", "tintindex": 0 },
        "north": { "texture": "#water", "tintindex": 0 }
      }
    },
    {
      "from": [6.0, 1.1, 10.0],
      "to": [10.0, 2.34, 10.5],
      "faces": {
        "up": { "texture": "#water", "tintindex": 0 },
        "down": { "texture": "#water", "tintindex": 0 },
        "south": { "texture": "#water", "tintindex": 0 }
      }
    },
    {
      "from": [5.5, 1.1, 6.0],
      "to": [6.0, 2.34, 10.0],
      "faces": {
        "up": { "texture": "#water", "tintindex": 0 },
        "down": { "texture": "#water", "tintindex": 0 },
        "west": { "texture": "#water", "tintindex": 0 }
      }
    },
    {
      "from": [10.0, 1.1, 6.0],
      "to": [10.5, 2.34, 10.0],
      "faces": {
        "up": { "texture": "#water", "tintindex": 0 },
        "down": { "texture": "#water", "tintindex": 0 },
        "east": { "texture": "#water", "tintindex": 0 }
      }
    }
  ]
}