{
  "parent": "block/block",
  "textures": {
    "all": "examplemod:block/clay_shards",
    "particle": "examplemod:block/clay_shards"
  },
  "elements": [
    {
      "from": [2, 0, 2],
      "to": [6, 2, 6],
      "faces": {
        "up": { "texture": "#all" },
        "down": { "texture": "#all" },
        "north": { "texture": "#all" },
        "south": { "texture": "#all" },
        "east": { "texture": "#all" },
        "west": { "texture": "#all" }
      }
    },
    {
      "from": [9, 0, 3],
      "to": [13, 2, 8],
      "faces": {
        "up": { "texture": "#all" },
        "down": { "texture": "#all" },
        "north": { "texture": "#all" },
        "south": { "texture": "#all" },
        "east": { "texture": "#all" },
        "west": { "texture": "#all" }
      }
    },
    {
      "from": [4, 0, 9],
      "to": [12, 2, 13],
      "faces": {
        "up": { "texture": "#all" },
        "down": { "texture": "#all" },
        "north": { "texture": "#all" },
        "south": { "texture": "#all" },
        "east": { "texture": "#all" },
        "west": { "texture": "#all" }
      }
    },
    {
      "from": [1, 0, 10],
      "to": [5, 2, 14],
      "faces": {
        "up": { "texture": "#all" },
        "down": { "texture": "#all" },
        "north": { "texture": "#all" },
        "south": { "texture": "#all" },
        "east": { "texture": "#all" },
        "west": { "texture": "#all" }
      }
    }
  ]
}