{
  "parent": "examplemod:block/cross_lowered",
  "textures": {
    "cross": "examplemod:block/soaked_flax"
  },
  "elements": [
    {
      "from": [0.8, 4.8, 8],
      "to": [15.2, 20.8, 8],
      "rotation": {"origin": [8, 8, 8], "axis": "y", "angle": 45, "rescale": true},
      "shade": false,
      "uv": {
        "north": {"uv": [0, 0, 16, 16], "texture": "#cross"},
        "south": {"uv": [0, 0, 16, 16], "texture": "#cross"}
      }
    },
    {
      "from": [8, 4.8, 0.8],
      "to": [8, 20.8, 15.2],
      "rotation": {"origin": [8, 8, 8], "axis": "y", "angle": 45, "rescale": true},
      "shade": false,
      "uv": {
        "west": {"uv": [0, 0, 16, 16], "texture": "#cross"},
        "east": {"uv": [0, 0, 16, 16], "texture": "#cross"}
      }
    }
  ]
}